{
  "hash": "a531a4d0",
  "configHash": "c05ebae1",
  "lockfileHash": "ad3d6166",
  "browserHash": "b2c7253f",
  "optimized": {
    "@angular/common": {
      "src": "../../../../../../node_modules/@angular/common/fesm2022/common.mjs",
      "file": "@angular_common.js",
      "fileHash": "0841c9c9",
      "needsInterop": false
    },
    "@angular/core": {
      "src": "../../../../../../node_modules/@angular/core/fesm2022/core.mjs",
      "file": "@angular_core.js",
      "fileHash": "bf3ee1d0",
      "needsInterop": false
    },
    "@angular/forms": {
      "src": "../../../../../../node_modules/@angular/forms/fesm2022/forms.mjs",
      "file": "@angular_forms.js",
      "fileHash": "6f2f441e",
      "needsInterop": false
    },
    "@angular/platform-browser": {
      "src": "../../../../../../node_modules/@angular/platform-browser/fesm2022/platform-browser.mjs",
      "file": "@angular_platform-browser.js",
      "fileHash": "7a146c30",
      "needsInterop": false
    },
    "@angular/router": {
      "src": "../../../../../../node_modules/@angular/router/fesm2022/router.mjs",
      "file": "@angular_router.js",
      "fileHash": "a3544e1a",
      "needsInterop": false
    },
    "leaflet": {
      "src": "../../../../../../node_modules/leaflet/dist/leaflet-src.js",
      "file": "leaflet.js",
      "fileHash": "a562b5b8",
      "needsInterop": true
    },
    "leaflet-routing-machine": {
      "src": "../../../../../../node_modules/leaflet-routing-machine/dist/leaflet-routing-machine.js",
      "file": "leaflet-routing-machine.js",
      "fileHash": "89e8dfe4",
      "needsInterop": true
    }
  },
  "chunks": {
    "chunk-GLVPDQLG": {
      "file": "chunk-GLVPDQLG.js"
    },
    "chunk-RCQ4JXB4": {
      "file": "chunk-RCQ4JXB4.js"
    },
    "chunk-WH2SOZW7": {
      "file": "chunk-WH2SOZW7.js"
    },
    "chunk-EIB7IA3J": {
      "file": "chunk-EIB7IA3J.js"
    }
  }
}